3,2325
4,2327
5,2329
6,2330
7,2332
8,2333
9,2337
10,2338
11,2339
12,2340
13,2341
14,2342
15,2343
16,2345
17,2346
18,2348
19,2350
20,2351
21,2354
22,2355
23,2356
24,2358
25,2359
26,2360
28,2361
29,2362
32,2363
33,2364
34,2365
35,2366
36,2367
37,2369
38,2371
39,2373
40,2374
41,2376
42,2377
43,2378
44,2380
45,2381
46,2382
47,2383
48,2385
49,2386
50,2387
51,2388
52,2389
53,2390
54,2391
55,2392
56,2393
57,2394
58,2396
59,2397
60,2399
61,2400
62,2401
63,2402
64,2404
65,2405
66,2406
67,2407
68,2408
70,2409
73,2410
75,2411
76,2412
77,2414
78,2416
79,2417
80,2418
83,2419
84,2420
85,2421
86,2423
87,2424
88,2425
89,2426
90,2427
91,2428
92,2429
93,2431
94,2432
95,2433
96,2434
97,2435
98,2436
99,2437
100,2438
101,2439
102,2440
103,2441
104,2442
105,2443
106,2444
107,2445
108,2447
109,2448
110,2451
111,2452
112,2453
113,2454
114,2456
115,2457
116,2459
117,2460
118,2461
119,2462
122,2463
123,2464
124,2465
125,2466
126,2467
127,2468
128,2469
129,2471
130,2472
131,2474
132,2477
133,2478
135,2479
136,2481
137,2483
138,2484
139,2489
140,2492
141,2493
142,2495
143,2499
144,2502
145,2504
146,2506
147,2507
148,2508
149,2509
150,2510
151,2511
152,2513
153,2516
154,2517
155,2519
156,2520
157,2521
158,2523
159,2524
160,2527
161,2528
162,2530
163,2531
164,2532
165,2534
166,2535
167,2536
168,2537
169,2538
170,2539
172,2540
173,2541
174,2542
175,2543
176,2545
177,2546
178,2548
179,2551
181,2554
182,2556
184,2559
185,2563
186,2565
187,2566
188,2567
189,2568
190,2569
191,2570
192,2571
193,2574
195,2576
196,2577
197,2579
198,2580
199,2581
200,2582
201,2583
202,2584
203,2587
204,2588
205,2590
206,2591
207,2592
208,2593
209,2594
210,2596
211,2597
212,2598
213,2599
214,2600
215,2603
216,2604
217,2605
218,2606
219,2607
220,2608
221,2609
222,2613
223,2615
224,2616
225,2617
226,2619
227,2620
230,2621
231,2622
232,2623
233,2624
235,2625
236,2626
237,2627
238,2628
239,2630
240,2631
241,2632
242,2633
243,2635
244,2636
245,2638
246,2640
247,2641
248,2642
250,2643
251,2645
253,2646
254,2647
255,2648
256,2650
257,2651
258,2653
259,2656
260,2657
261,2658
262,2659
263,2664
264,2665
265,2666
266,2668
267,2669
268,2670
269,2671
270,2672
272,2673
273,2674
275,2675
276,2676
277,2677
278,2678
279,2679
280,2680
282,2681
283,2682
284,2683
286,2684
287,2685
288,2686
289,2687
290,2688
292,2689
293,2690
294,2691
295,2692
296,2693
297,2694
298,2695
299,2696
300,2697
301,2698
302,2699
303,2700
304,2701
305,2702
306,2703
307,2704
308,2705
309,2706
310,2707
311,2708
312,2709
313,2710
314,2711
315,2712
316,2713
317,2716
319,2721
320,2724
321,2726
322,2728
323,2729
324,2730
325,2731
326,2733
327,2734
328,2735
330,2736
331,2738
332,2740
333,2741
334,2742
335,2743
336,2744
337,2745
338,2746
339,2747
340,2748
341,2749
342,2750
344,2751
345,2752
346,2753
348,2754
349,2755
350,2756
352,2757
353,2758
354,2759
355,2760
356,2761
357,2762
358,2763
359,2764
360,2765
363,2766
364,2767
369,2768
370,2769
371,2770
372,2771
373,2772
374,2773
375,2774
376,2775
377,2776
378,2777
379,2778
380,2779
381,2780
382,2781
383,2782
384,2783
385,2784
386,2789
387,2790
388,2791
390,2793
391,2794
393,2795
394,2796
395,2797
396,2803
397,2805
402,2806
403,2807
404,2808
405,2809
406,2810
407,2811
408,2812
409,2813
410,2814
411,2815
412,2816
413,2817
414,2818
415,2819
416,2820
417,2821
419,2822
420,2823
421,2824
422,2825
423,2826
424,2827
425,2828
426,2829
427,2830
428,2831
429,2832
431,2833
432,2834
433,2835
434,2836
436,2837
437,2838
438,2839
439,2840
440,2841
443,2842
444,2843
445,2844
446,2845
447,2846
448,2847
449,2850
450,2851
451,2852
452,2853
453,2856
454,2862
455,2863
456,2864
457,2867
458,2869
459,2870
460,2871
461,2872
462,2874
463,2875
464,2876
465,2877
466,2878
467,2884
468,2885
470,2887
471,2888
472,2892
473,2894
476,2895
477,2897
478,2898
479,2899
480,2900
484,2901
485,2902
486,2905
487,2907
488,2908
489,2913
490,2914
491,2917
492,2924
493,2925
494,2926
495,2929
496,2930
497,2933
499,2934
502,2936
503,2938
504,2940
505,2941
506,2943
508,2945
509,2948
511,2951
512,2956
515,2957
517,2958
525,2959
529,2960
531,2961
533,2962
534,2963
535,2965
536,2966
539,2967
543,2968
544,2970
545,2972
546,2973
547,2974
548,2975
554,2976
555,2977
556,2978
557,2979
558,2983
560,2984
562,2985
564,2986
568,2987
570,2988
572,2989
573,2990
576,2991
577,2992
578,2993
581,2995
583,2996
584,2997
587,2998
590,3000
594,3001
596,3003
601,3004
604,3005
605,3006
606,3007
607,3008
609,3009
610,3014
611,3016
612,3017
613,3018
614,3020
615,3022
625,3024
626,3025
627,3026
629,3027
630,3029
631,3030
632,3031
633,3032
635,3035
636,3037
637,3038
638,3039
640,3041
641,3042
643,3043
644,3044
647,3045
648,3049
649,3050
651,3051
652,3053
654,3054
661,3055
663,3058
672,3059
673,3060
674,3061
675,3062
680,3063
681,3064
685,3065
686,3066
689,3067
691,3068
696,3070
697,3071
706,3073
712,3076
713,3078
716,3081
717,3082
718,3083
722,3084
723,3086
725,3087
727,3090
728,3091
729,3092
731,3093
732,3094
734,3095
736,3096
738,3097
739,3098
743,3099
744,3101
749,3102
750,3103
752,3105
754,3106
755,3107
762,3109
763,3110
765,3111
766,3112
769,3116
770,3117
771,3118
772,3119
774,3120
775,3122
776,3125
778,3126
780,3127
781,3128
782,3129
783,3130
784,3131
785,3132
786,3133
787,3134
789,3135
790,3136
791,3137
793,3138
794,3139
796,3144
797,3145
801,3146
802,3147
804,3148
807,3149
809,3151
811,3152
812,3153
813,3155
814,3156
816,3158
817,3159
818,3160
819,3163
820,3164
825,3165
826,3167
828,3168
829,3169
834,3170
836,3171
837,3172
839,3174
840,3175
841,3176
848,3180
849,3181
851,3183
856,3184
857,3185
864,3186
869,3187
872,3189
873,3192
875,3193
881,3197
883,3199
884,3200
886,3201
887,3202
888,3203
889,3204
892,3205
896,3207
897,3208
898,3210
900,3211
905,3212
907,3215
908,3216
911,3217
923,3218
924,3219
925,3220
928,3221
930,3223
931,3225
934,3226
937,3227
938,3228
943,3229
947,3230
952,3233
956,3234
957,3235
959,3237
961,3240
963,3241
972,3245
973,3246
974,3250
975,3251
986,3253
991,3255
1001,3256
1008,3257
1013,3260
1014,3261
1015,3262
1016,3264
1017,3266
1018,3268
1019,3269
1020,3271
1023,3272
1024,3275
1025,3277
1031,3278
1035,3279
1036,3282
1037,3283
1038,3284
1039,3285
1049,3287
1055,3288
1064,3289
1065,3290
1068,3291
1069,3292
1073,3293
1085,3296
1087,3297
1097,3298
1110,3301
1111,3305
1116,3306
1117,3307
1118,3308
1120,3309
1121,3313
1122,3314
1124,3315
1125,3316
1126,3317
1127,3318
1130,3319
1131,3321
1132,3323
1133,3325
1134,3326
1135,3327
1137,3332
1139,3335
1141,3336
1142,3337
1143,3338
1144,3339
1145,3340
1147,3344
1148,3347
1149,3348
1151,3350
1153,3351
1154,3352
1156,3353
1157,3354
1158,3355
1159,3356
1160,3357
1164,3358
1165,3359
1166,3360
1167,3361
1170,3362
1172,3363
1174,3364
1176,3365
1177,3366
1178,3367
1179,3368
1180,3372
1181,3373
1183,3374
1184,3375
1185,3376
1186,3377
1187,3379
1188,3380
1189,3381
1190,3383
1191,3384
1192,3385
1193,3386
1194,3387
1196,3388
1198,3390
1199,3391
1200,3393
1202,3397
1204,3398
1205,3399
1208,3402
1213,3403
1214,3405
1216,3408
1217,3410
1222,3411
1224,3413
1225,3415
1226,3417
1227,3418
1228,3419
1229,3420
1231,3421
1234,3425
1235,3426
1236,3427
1237,3434
1241,3435
1242,3436
1244,3438
1245,3440
1248,3441
1249,3442
1250,3443
1252,3445
1253,3448
1254,3449
1255,3452
1259,3453
1260,3459
1262,3460
1263,3461
1264,3466
1269,3467
1270,3470
1272,3471
1273,3472
1274,3477
1275,3478
1276,3480
1277,3481
1278,3482
1279,3484
1280,3486
1281,3487
1282,3489
1283,3491
1284,3492
1285,3493
1287,3494
1288,3496
1289,3497
1292,3498
1293,3499
1296,3500
1297,3501
1298,3502
1299,3503
1301,3505
1303,3507
1305,3513
1306,3514
1307,3515
1309,3516
1310,3517
1311,3518
1313,3519
1314,3521
1316,3522
1317,3523
1320,3524
1321,3525
1322,3527
1323,3528
1324,3529
1325,3532
1326,3533
1333,3534
1335,3535
1336,3537
1337,3538
1341,3543
1342,3547
1343,3550
1344,3551
1346,3554
1347,3557
1349,3581
1350,3583
1351,3585
1354,3588
1355,3594
1356,3596
1357,3597
1358,3598
1359,3605
1360,3611
1361,3613
1362,3614
1363,3617
1364,3618
1365,3627
1366,3629
1367,3630
1368,3631
1369,3632
1370,3633
1371,3634
1372,3639
1373,3641
1374,3643
1375,3644
1376,3645
1377,3646
1378,3648
1379,3649
1380,3650
1381,3652
1382,3653
1383,3655
1384,3656
1386,3657
1388,3661
1389,3690
1390,3696
1391,3697
1392,3706
1393,3710
1394,3711
1395,3713
1396,3717
1397,3724
1398,3734
1399,3753
1400,3754
1401,3762
1402,3779
1403,3781
1404,3782
1405,3796
1407,3808
1408,3813
1409,3814
1410,3815
1411,3834
1412,3837
1413,3840
1414,3841
1415,3843
1416,3845
1417,3846
1418,3852
1420,3854
1421,3859
1422,3865
1423,3867
1424,3872
1425,3970
1426,4291
1427,4293
1428,4294
1431,5431
1432,5909
1433,5968
1434,5969
1435,5970
1436,6247
1437,6248
1438,6249
1439,6250
1440,6251
1441,6252
1443,6255
1444,6487
1445,6783
1446,7734
1448,7736
1449,7749
1450,7761
1451,7762
1453,7763
1454,7775
1456,7801
1457,7805
1458,7806
1459,7840
1460,7848
1461,7855
1462,7871
1463,7872
1464,7934
1465,7941
1466,7942
1467,7943
1468,7944
1469,7945
1470,7946
1471,7947
1472,7948
1473,7949
1474,7950
1475,7951
1476,7952
1477,7953
1478,7954
1479,7955
1480,7956
1481,7957
1482,7958
1484,7959
1485,7960
1486,7961
1487,7962
1488,7963
1489,7964
1490,7965
1491,7966
1492,7967
1493,7968
1494,7969
1495,7970
1496,7971
1497,7972
1498,7973
1499,7974
1500,7975
1501,7976
1502,7977
1505,7978
1506,7979
1507,7980
1508,7981
1509,7982
1510,7983
1511,7984
1512,7985
1513,7986
1514,7987
1515,7988
1516,7989
1517,7990
1518,7991
1519,7992
1520,7993
1521,7994
1522,7995
1523,7996
1524,7997
1525,7998
1526,7999
1527,8000
1528,8001
1530,8002
1531,8003
1532,8004
1533,8005
1534,8006
1535,8007
1536,8008
1537,8009
1538,8010
1539,8011
1540,8012
1541,8013
1542,8014
1543,8015
1544,8016
1545,8017
1546,8018
1547,8019
1548,8020
1549,8021
1550,8022
1551,8023
1552,8024
1553,8025
1554,8026
1555,8027
1557,8028
1558,8029
1559,8030
1560,8031
1561,8032
1562,8033
1563,8034
1564,8035
1565,8036
1566,8037
1567,8038
1568,8039
1569,8040
1570,8041
1571,8042
1572,8043
1573,8044
1574,8045
1575,8046
1576,8047
1577,8048
1578,8049
1579,8050
1580,8051
1581,8052
1582,8053
1583,8054
1584,8055
1586,8056
1587,8057
1588,8058
1590,8059
1591,8060
1592,8061
1593,8062
1594,8063
1595,8064
1596,8065
1597,8066
1598,8067
1599,8068
1600,8069
1601,8070
1602,8071
1605,8072
1606,8073
1607,8074
1608,8075
1609,8076
1610,8077
1611,8078
1613,8079
1614,8080
1615,8081
1616,8082
1617,8083
1618,8084
1619,8085
1620,8086
1621,8087
1622,8088
1623,8089
1624,8090
1625,8091
1626,8092
1627,8093
1628,8094
1629,8095
1630,8096
1631,8097
1632,8098
1633,8099
1634,8100
1635,8101
1636,8102
1637,8103
1638,8104
1639,8105
1640,8106
1641,8107
1642,8108
1643,8109
1644,8110
1645,8111
1646,8112
1647,8113
1648,8114
1649,8115
1650,8116
1651,8117
1652,8118
1654,8119
1656,8120
1657,8121
1660,8122
1662,8123
1663,8124
1664,8125
1665,8126
1666,8127
1667,8128
1668,8129
1669,8130
1670,8131
1671,8132
1672,8133
1673,8134
1674,8135
1675,8136
1676,8137
1677,8138
1678,8139
1679,8140
1680,8141
1681,8142
1682,8143
1683,8144
1686,8145
1687,8146
1688,8147
1689,8148
1690,8149
1691,8150
1692,8151
1693,8152
1694,8153
1695,8154
1696,8155
1697,8156
1698,8157
1699,8158
1700,8159
1701,8160
1702,8161
1703,8162
1704,8163
1705,8164
1706,8165
1707,8166
1708,8167
1709,8168
1710,8169
1711,8170
1712,8171
1713,8172
1714,8173
1715,8174
1716,8175
1717,8176
1720,8177
1721,8178
1722,8179
1723,8180
1724,8181
1725,8182
1726,8183
1727,8184
1728,8185
1729,8186
1730,8187
1731,8188
1732,8189
1733,8190
1734,8191
1735,8192
1736,8193
1739,8194
1741,8195
1742,8196
1743,8197
1744,8198
1745,8199
1746,8200
1747,8201
1750,8202
1751,8203
1752,8204
1753,8205
1754,8206
1755,8207
1756,8208
1757,8209
1758,8210
1759,8211
1760,8212
1761,8213
1762,8214
1763,8215
1764,8216
1765,8217
1766,8218
1767,8219
1768,8220
1769,8221
1770,8222
1771,8223
1772,8224
1773,8225
1774,8226
1775,8227
1776,8228
1777,8229
1778,8230
1779,8231
1780,8232
1781,8233
1782,8234
1783,8235
1784,8236
1785,8237
1786,8238
1787,8239
1788,8240
1789,8241
1790,8242
1791,8243
1792,8244
1793,8245
1794,8246
1795,8247
1796,8248
1798,8249
1799,8250
1800,8251
1801,8252
1802,8253
1803,8254
1804,8255
1805,8256
1806,8257
1807,8258
1808,8259
1809,8260
1810,8261
1811,8262
1813,8263
1814,8264
1815,8265
1816,8266
1817,8267
1818,8268
1819,8269
1820,8270
1821,8271
1822,8272
1823,8273
1824,8274
1825,8275
1826,8276
1827,8277
1828,8278
1829,8279
1830,8280
1831,8281
1832,8282
1833,8283
1834,8284
1835,8285
1836,8286
1837,8287
1839,8288
1840,8289
1841,8290
1842,8291
1843,8292
1844,8293
1845,8294
1846,8295
1847,8296
1848,8297
1849,8298
1850,8299
1851,8300
1852,8301
1853,8302
1856,8303
1857,8304
1858,8305
1859,8306
1860,8307
1861,8308
1862,8309
1863,8310
1864,8311
1865,8312
1866,8313
1867,8314
1868,8315
1869,8316
1870,8317
1871,8318
1872,8319
1873,8320
1876,8321
1877,8322
1878,8323
1880,8324
1881,8325
1882,8326
1883,8327
1884,8328
1885,8329
1886,8330
1887,8331
1888,8332
1890,8333
1891,8334
1892,8335
1893,8336
1894,8337
1895,8338
1896,8339
1897,8340
1898,8341
1899,8342
1900,8343
1901,8344
1902,8345
1903,8346
1904,8347
1905,8348
1906,8349
1907,8350
1908,8351
1909,8352
1910,8353
1911,8354
1913,8355
1914,8356
1915,8357
1916,8358
1917,8359
1918,8360
1919,8361
1921,8362
1922,8363
1923,8364
1924,8365
1925,8366
1926,8367
1927,8368
1928,8369
1929,8370
1930,8371
1931,8372
1932,8373
1933,8374
1934,8375
1935,8376
1936,8377
1937,8378
1938,8379
1939,8380
1940,8381
1941,8382
1942,8383
1943,8384
1944,8385
1945,8386
1946,8387
1947,8388
1948,8389
1949,8390
1952,8391
1953,8392
1954,8393
1955,8394
1956,8395
1957,8396
1959,8397
1960,8398
1961,8399
1963,8400
1964,8401
1965,8402
1967,8403
1968,8404
1969,8405
1970,8406
1971,8407
1972,8408
1973,8409
1974,8410
1975,8411
1976,8412
1977,8413
1978,8414
1979,8415
1981,8416
1982,8417
1983,8418
1984,8419
1986,8420
1987,8421
1988,8422
1989,8423
1990,8424
1991,8425
1994,8426
1996,8427
1997,8428
2008,8429
2016,8430
2017,8431
2018,8432
2019,8433
2020,8434
2021,8435
2022,8436
2024,8437
2025,8438
2026,8439
2027,8440
2029,8441
2030,8442
2031,8443
2032,8444
2035,8445
2036,8446
2045,8447
2046,8448
2047,8449
2048,8450
2049,8451
2050,8452
2051,8453
2052,8454
2053,8455
2056,8456
2058,8457
2059,8458
2060,8459
2061,8460
2074,8461
2104,8462
2106,8463
2107,8464
2117,8465
2121,8466
2122,8467
2123,8468
2124,8469
2149,8470
2154,8471
2160,8472
2166,8473
2167,8474
2170,8475
2172,8476
2173,8477
2181,8478
2187,8479
2188,8480
2198,8481
2226,8482
2230,8483
2235,8484
2262,8485
2267,8486
2269,8487
2270,8488
2271,8489
2272,8490
2273,8491
2275,8492
2278,8493
2279,8494
2285,8495
2297,8496
2301,8497
2306,8498
2309,8499
2310,8500
2311,8501
2321,8502
